{"initial_reset_timestamp": 1524118763.1726923, "timestamps": [1524118802.0537915, 1524118803.1188917, 1524118805.0277443, 1524118806.034488, 1524118807.9741383, 1524118809.023566, 1524118810.9361584, 1524118811.9325573, 1524118813.8021393, 1524118814.78034, 1524118816.6613927, 1524118817.6520271, 1524118819.523736, 1524118820.513523, 1524118822.4019425, 1524118823.3912055, 1524118825.2769856, 1524118826.2617748, 1524118828.1329257, 1524118829.1268177, 1524118831.010779, 1524118831.989006, 1524118833.934961, 1524118834.931103, 1524118837.1893601, 1524118838.2433746, 1524118840.2791777, 1524118841.287358, 1524118843.251747, 1524118844.2331772, 1524118846.2207873, 1524118847.2224374, 1524118849.1353672, 1524118850.143183, 1524118852.1154566, 1524118853.1393075, 1524118855.0573716, 1524118856.0471382, 1524118858.0297654, 1524118859.0371532, 1524118860.956796, 1524118861.949767, 1524118862.943593, 1524118864.7866755, 1524118865.8176315, 1524118867.8666134, 1524118869.033938, 1524118871.0234892, 1524118872.2782958, 1524118874.2286243, 1524118875.2190275, 1524118877.110666, 1524118878.1308997, 1524118880.0879943, 1524118881.163185, 1524118883.0273452, 1524118884.0240827, 1524118885.9583507, 1524118886.9450488, 1524118888.799637, 1524118889.8021686, 1524118891.7394452, 1524118892.7417386, 1524118894.647441, 1524118895.6375992, 1524118897.6647117, 1524118898.7318666, 1524118900.7425945, 1524118901.8704348, 1524118903.9587963, 1524118904.9866347, 1524118906.9507987, 1524118907.9839132, 1524118909.9379804, 1524118910.910169, 1524118912.781334, 1524118913.8226082, 1524118915.8063908, 1524118916.8368576, 1524118918.778685, 1524118919.833055, 1524118921.8278096, 1524118922.856529, 1524118924.7470546, 1524118925.7661486, 1524118926.7905016, 1524118928.6520007, 1524118929.6547084, 1524118931.4936023, 1524118932.4898365, 1524118934.34281, 1524118935.3503864, 1524118937.2463758, 1524118938.241933, 1524118940.1802554, 1524118941.2219281, 1524118943.0879931, 1524118944.1203418, 1524118946.028378, 1524118947.0232034, 1524118985.5328417, 1524118986.6038256, 1524118988.5010443, 1524118989.515265, 1524118991.501412, 1524118992.5211701, 1524118994.5148408, 1524118995.566225, 1524118997.560984, 1524118998.5746975, 1524119000.5339057, 1524119001.5578232, 1524119003.5124078, 1524119004.5324495, 1524119006.5400825, 1524119007.6115518, 1524119009.617553, 1524119010.6559374, 1524119012.5992022, 1524119013.6196396, 1524119015.5795996, 1524119016.6319087, 1524119018.6138542, 1524119019.6361563, 1524119021.57787, 1524119022.621798, 1524119024.5352466, 1524119025.53914, 1524119026.5359497, 1524119028.5336735, 1524119029.5528576, 1524119031.4284453, 1524119032.4283502, 1524119034.3094382, 1524119035.3290107, 1524119037.2525916, 1524119038.262227, 1524119040.1339943, 1524119041.135837, 1524119043.0126905, 1524119044.017087, 1524119046.3816652, 1524119047.813556, 1524119049.9643965, 1524119050.9892967, 1524119052.9505875, 1524119053.9394, 1524119055.8554373, 1524119056.8580678, 1524119058.962207, 1524119060.100671, 1524119062.0754082, 1524119063.0611932, 1524119064.959172, 1524119065.9298975, 1524119067.8617837, 1524119069.0386937, 1524119071.252181, 1524119072.2482464, 1524119074.4077504, 1524119075.4950151, 1524119077.3908532, 1524119078.370827, 1524119080.2756102, 1524119081.2462482, 1524119083.070139, 1524119084.0311084, 1524119085.9299896, 1524119086.904562, 1524119088.7241085, 1524119089.6938455, 1524119090.668563, 1524119092.5190027, 1524119093.5099485, 1524119095.4128647, 1524119096.4143412, 1524119098.2872517, 1524119099.2363975, 1524119101.046841, 1524119102.002315, 1524119103.956507, 1524119104.91656, 1524119106.807901, 1524119107.7805367, 1524119109.6492329, 1524119110.6173475, 1524119112.5278664, 1524119113.4915879, 1524119115.3849318, 1524119116.35339, 1524119118.219425, 1524119119.1841016, 1524119121.0873618, 1524119122.0716412, 1524119123.9540427, 1524119124.9168105, 1524119126.8481617, 1524119127.7994046, 1524119129.6907382, 1524119130.6455235, 1524119168.963563, 1524119170.088647, 1524119172.051434, 1524119173.0601804, 1524119174.9498308, 1524119175.9106987, 1524119177.7951205, 1524119178.7719028, 1524119180.6737037, 1524119181.6848683, 1524119183.673113, 1524119184.7536914, 1524119186.7588391, 1524119187.7905712, 1524119188.8478663, 1524119190.8675773, 1524119191.9119108, 1524119193.8831725, 1524119194.9326808, 1524119196.9298406, 1524119197.9172883, 1524119199.831794, 1524119200.8036456, 1524119202.7123687, 1524119203.7091742, 1524119205.602647, 1524119206.5659826, 1524119208.4621584, 1524119209.4246008, 1524119211.3335855, 1524119212.298752, 1524119214.18091, 1524119215.1678243, 1524119217.0997534, 1524119218.0593183, 1524119220.0636637, 1524119221.0822268, 1524119223.164278, 1524119224.1862345, 1524119226.3746543, 1524119227.3687649, 1524119229.6384144, 1524119230.8428702, 1524119233.3615038, 1524119234.4957442, 1524119236.8479133, 1524119238.098178, 1524119240.3918638, 1524119241.6295319, 1524119243.88611, 1524119244.941262, 1524119246.8433588, 1524119247.8544247, 1524119249.7951016, 1524119250.7991931, 1524119251.777188, 1524119253.621266, 1524119254.578032, 1524119256.4068458, 1524119257.3653944, 1524119259.23212, 1524119260.2632706, 1524119262.1609118, 1524119263.1290543, 1524119264.9824326, 1524119265.961335, 1524119267.7995708, 1524119268.794498, 1524119270.7120125, 1524119271.6965334, 1524119273.5991628, 1524119274.5707712, 1524119276.478927, 1524119277.4373229, 1524119279.3025398, 1524119280.2785547, 1524119282.180591, 1524119283.155616, 1524119285.0499582, 1524119286.042752, 1524119287.9316819, 1524119288.9500654, 1524119290.9047005, 1524119291.8732402, 1524119293.7370117, 1524119294.7096877, 1524119296.5944977, 1524119297.5494592, 1524119299.394432, 1524119300.385368, 1524119302.3052976, 1524119303.2662454, 1524119305.130742, 1524119306.0840473, 1524119307.9111583, 1524119308.8674283, 1524119310.7269309, 1524119311.698185, 1524119312.6786077, 1524119314.5038686, 1524119351.977026, 1524119353.9368355, 1524119354.8923347, 1524119356.7388532, 1524119357.7237067, 1524119359.6071806, 1524119360.6465914, 1524119362.5688274, 1524119363.538453, 1524119365.4729128, 1524119366.4537816, 1524119368.3430357, 1524119369.322573, 1524119371.266649, 1524119372.2580533, 1524119374.2534478, 1524119375.26404, 1524119377.2202823, 1524119378.2176404, 1524119380.131363, 1524119381.1284869, 1524119383.0538342, 1524119384.000608, 1524119385.8751967, 1524119386.8661675, 1524119388.796234, 1524119389.7669575, 1524119391.699038, 1524119392.6754835, 1524119394.547673, 1524119395.5482526, 1524119397.443766, 1524119398.4010692, 1524119400.2474787, 1524119401.2558603, 1524119403.1011941, 1524119404.0916116, 1524119405.9507, 1524119406.993873, 1524119408.87868, 1524119409.8484788, 1524119410.8422759, 1524119412.6923032],