{"initial_reset_timestamp": 1524114921.4887652, "timestamps": [1524114961.4839277, 1524114999.1840672, 1524115038.0172377], "episode_lengths": [1000, 1000, 1000], "episode_rewards": [-629.7604991554041, -675.0989473485928, -505.0578642353761], "episode_types": ["t", "t", "t", "t"]}